Sequence,label
D,1
E,1
DD,1
ED,1
DE,1
EE,1
VG,1
VV,1
VGG,1
VE,1
VD,1
KGDEESLA,1
DDD,1
DDE,1
DED,1
EDD,1
DEE,1
EDE,1
EED,1
EEE,1
SLADEEKG,1
SLAKGDEE,1
KGSLADEE,1
EEDGK,1
EV,1
EEL,1
DES,1
ES,1
EGS,1
AE,1
DA,1
DG,1
DL,1
EL,1
EG,1
GDG,1
AEA,1
EA,1
EK,1
KG,1
CCNKSV,1
AHSVRFY,1
LPEEV,1
AQALQAQA,1
EQQQQ,1
ALPEEV,1
EAGIQ,1
ET,1
TE,1
DEL,1
ADA,1
EDF,1
EDV,1
SEE,1
EY,1
PE,1
PAQ,1
DGG,1
EGSEAPDGSSR,1
SSRNEQSR,1
AD,1
IPIPATKT,1
PVARMCR,1
YGGTPPFV,1
HLQLAIR,1
DPLRGGYY,1
AGLQFPVGR,1
LLLPGELAK,1
AGFAGDDAPR,1
GYSFTTTAER,1
DAGVIAGLNVLR,1
AH,1
NP,1
EPLCNQ,1
SGCVNEL,1
PHEMQ,1
SEPSHF,1
ESCAPQL,1
VRSY,1
KGRYER,1
DTYNPR,1
TYNPR,1
SYNPR,1
FRDEHQ,1
TYNPK,1
RFRQGD,1
NFHHGD,1
FHHGD,1
FRDEH,1
TVDGPSH,1
EVAEALDAPKTT,1
AVLEEAQKVELK,1
AEDLSTLR,1
KVDVDSLK,1
EALEATAQ,1
SPPTEE,1
SEEG,1
KEE,1
FEE,1
GENEEEDSGAIVTVK,1
AM,1
CE,1
CM,1
DR,1
EN,1
EP,1
GD,1
GE,1
HS,1
HV,1
LE,1
LV,1
NY,1
QL,1
RL,1
VT,1
APA,1
DAE,1
DAG,1
DCG,1
DQR,1
EDG,1
EGF,1
EMH,1
EPE,1
EPQ,1
EQE,1
ESV,1
EVC,1
GCG,1
GEG,1
GFP,1
GGY,1
GLE,1
LVG,1
NNP,1
PAA,1
PET,1
PGD,1
PSE,1
PSG,1
QPS,1
RKE,1
SFE,1
TAY,1
TGC,1
VAV,1
VDV,1
VEH,1
VEV,1
VPY,1
AAPY,1
GGGE,1
GGPG,1
INEL,1
LEQL,1
LYER,1
NRTF,1
QEEL,1
VEAL,1
AFDEK,1
CALTP,1
EQEEL,1
HCHTN,1
NGKET,1
SAEQK,1
VVGET,1
DFKREP,1
EFKEYN,1
EHAMLN,1
ENINEL,1
GPDPER,1
INKPGL,1
LAPSTM,1
LSERYP,1
EQPQQNE,0
QDKIHPFAQTQSLVYPFPGP,0
GRP,0
FGG,0
LAGNQEEE,0
APK,0
KPF,0
GGLGG,0
PGI,0
YY,0
IG,0
FGGF,0
RPGFF,0
FGF,0
QSKVLPVPQ,0
GNPDIEHP,0
VYPFPPGIGG,0
GF,0
IV,0
RG,0
FLL,0
GPPF,0
FYPELF,0
KLHENIAR,0
GPG,0
LA,0
YYY,0
LGGGG,0
GGP,0
YL,0
QLFGPNVNPWHNP,0
RGPPFFF,0
RGPPF,0
VIFPPGR,0
PK,0
YGG,0
VVVPPFLQP,0
VL,0
YPFPGPIHNS,0
GGRPFF,0
YQEPVLGPVRGPFPI,0
PFPGPIP,0
PPF,0
AQTQSLVYPFPGPIPNSLPQNIPPLTQ,0
RRPPPFFF,0
RGPGPIIV,0
RGPPFI,0
RPF,0
YG,0
ALEPDHR,0
VPPFLE,0
RPGGFF,0
PGPGPG,0
GGF,0
VIPFPGR,0
LGL,0
RPFG,0
LL,0
FF,0
RP,0
KPK,0
RGPPGFF,0
AV,0
PVLGPVRGPFPIIV,0
VYPFPPGI,0
YQEPVLGPVRGPFPIIV,0
RGPPGGFF,0
RGPEPIIV,0
RGPPFIIV,0
QPVLGPVRGPFPIIV,0
GY,0
VIF,0
DY,0
VYPFPPGINH,0
RPKHPIKHQ,0
EPAD,0
FG,0
SL,0
MPFPKYPVEPF,0
QLFNPSTNPWHSP,0
GPVRGPFPIIV,0
YQQPVLGPVRGPFPI,0
RRPPGF,0
YQQPVLGPVRGPFPII,0
RGFF,0
VVVPPFL,0
YPFPGPI,0
KAVPYPPQ,0
VPLGTQYTDAPSF,0
QLFNPSTNP,0
APFPEVFG,0
PL,0
LF,0
QNDKIHPFAQTQSLVYPFGPIP,0
PG,0
FPF,0
LRL,0
FFG,0
PI,0
QLFNPS,0
GP,0
PGPIP,0
LI,0
FIV,0
GPFPII,0
LG,0
PF,0
GGGLG,0
GFF,0
GGV,0
GV,0
YGY,0
RGPPGIG,0
VYPF,0
SAEFG,0
YLGYLEQLLR,0
RGPPGGGFF,0
YF,0
YEGNS,0
GGRGPPFIV,0
IT,0
FY,0
QQPVLGPVRGPFPI,0
PFPGPI,0
GL,0
VYP,0
AYFYPEL,0
FL,0
GPFPVI,0
NFNNQLDQQTPR,0
RRR,0
PFP,0
FFPP,0
ELL,0
LVYPFPGPIHN,0
GLGG,0
LGG,0
RGPFPIIV,0
TDVENLHLPPLL,0
FPP,0
WE,0
SLA,0
PFIV,0
GLY,0
LGGG,0
VI,0
PPFIV,0
VYPFPPIGNH,0
RGP,0
GGFFGG,0
GR,0
GGL,0
GPFF,0
RGPPGF,0
EQGGEQG,0
RPFFGG,0
IK,0
KPPFIV,0
IP,0
LY,0
VY,0
RGPPFIV,0
IQ,0
IW,0
RPG,0
WF,0
RGPFIV,0
LRP,0
PPP,0
RRPFF,0
EEN,0
YPF,0
WW,0
FV,0
PA,0
